<?xml version="1.0" encoding="UTF-8"?>
<project-private xmlns="http://www.netbeans.org/ns/project-private/1">
    <editor-bookmarks xmlns="http://www.netbeans.org/ns/editor-bookmarks/2" lastBookmarkId="0"/>
    <open-files xmlns="http://www.netbeans.org/ns/projectui-open-files/2">
        <group>
            <file>file:/C:/Users/adair/OneDrive/Documentos/Papeleria/Papeleria/src/vista/menu.java</file>
            <file>file:/C:/Users/adair/OneDrive/Documentos/Papeleria/Papeleria/src/dao/ClientesDAO.java</file>
            <file>file:/C:/Users/adair/OneDrive/Documentos/Papeleria/Papeleria/src/vista/venta.java</file>
            <file>file:/C:/Users/adair/OneDrive/Documentos/Papeleria/Papeleria/src/dao/ReporteDAO.java</file>
            <file>file:/C:/Users/adair/OneDrive/Documentos/Papeleria/Papeleria/src/dao/ProductoDAO.java</file>
            <file>file:/C:/Users/adair/OneDrive/Documentos/Papeleria/Papeleria/src/dao/AlmacenDAO.java</file>
            <file>file:/C:/Users/adair/OneDrive/Documentos/Papeleria/Papeleria/src/util/Conexion.java</file>
            <file>file:/C:/Users/adair/OneDrive/Documentos/Papeleria/Papeleria/src/dao/UsuarioDAO.java</file>
            <file>file:/C:/Users/adair/OneDrive/Documentos/Papeleria/Papeleria/src/dao/VentasDAO.java</file>
            <file>file:/C:/Users/adair/OneDrive/Documentos/Papeleria/Papeleria/test/AlmacenDAOTest.java</file>
            <file>file:/C:/Users/adair/OneDrive/Documentos/Papeleria/Papeleria/test/ProveedorDAOTest.java</file>
            <file>file:/C:/Users/adair/OneDrive/Documentos/Papeleria/Papeleria/test/ReporteDAOTest.java</file>
        </group>
    </open-files>
</project-private>
